rouge1,rouge2,rougeL,rougeLsum
0.020981549506393006,0.0,0.020488218929533057,0.020934526521994103
